"Agullo, Emmanuel" <Emmanuel.Agullo@inria.fr>, "Allen, Gabrielle" <gallen@ncsa.illinois.edu>, "Alvarez, Carlos" <calvarez@ac.upc.edu>, "Amer, Abdelhalim" <aamer@anl.gov>, "Antoniu, Gabriel" <gabriel.antoniu@inria.fr>, "Artigues, Antoni" <antoni.artigues%40bsc.es>, "Badia, Rosa M." <rosa.m.badia@bsc.es>, "Balaji, Pavan" <balaji@anl.gov>, "Barcelo, Alex" <alex.barcelo@bsc.es>, "Bautista Gomez, Leonardo" <leonardo.bautista%40bsc.es>, "Baumeister, Paul" <p.baumeister@fz-juelich.de>, "Beltran, Vicenc" <vbeltran@bsc.es>, "Benoit, Anne" <Anne.Benoit@ens-lyon.fr>, "Bienz, Amanda" <bienz2@illinois.edu>, "Bouge, Luc" <luc.bouge@ens-rennes.fr>, "Broemmel, Dirk" <d.broemmel@fz-juelich.de>, "Maxine D., Brown" <maxine@uic.edu>, "Calhoun, Jon" <jccalho2@illinois.edu>, "Cappello, Franck" <cappello@anl.gov>, "Casas, Marc" <marc.casas@bsc.es>, "Cavelan, Aurélien" <aurelien.cavelan@inria.fr>, "Cheriere, Nathanael" <nathanael.cheriere@ens-rennes.fr>, "Chien, Andrew A." <achien@cs.uchicago.edu>, "Conejero, Francisco Javier" <marc.casas@bsc.es>, "Costan, Alexandru" <alexandru.costan@inria.fr>, "Constantinescu, Emil" <emconsta@mcs.anl.gov>, "Coullon, Helene" <helene.coullon@inria.fr>, "Denis, Alexandre" <alexandre.denis@inria.fr>, "Di, Sheng" <disheng222@gmail.com>, "Di Napoli, Edoardo" <e.di.napoli@fz-juelich.de>, "Dirand, Estelle" <estelle.dirand@gmail.com>, "Doblas-Reyes, Francisco" <francisco.doblas-reyes@bsc.es>, "Dorier, Matthieu" <mdorier@anl.gov>, "Dreher, Matthieu" <mdreher@anl.gov>, "Estrada, Jorge" <jorge.estrada@bsc.es>, "Feld, Christian" <c.feld@fz-juelich.de>, "Finkel, Hal" <hfinkel@anl.gov>, "Frings, Wolfgang" <w.frings@fz-juelich.de>, "Gibbon, Paul" <p.gibbon@fz-juelich.de>, "Gimenez, Judit" <judit@bsc.es>, "Girona, Sergi" <sergi.girona@bsc.es>, "Grigori, Laura" <laura.grigori@inria.fr>, "Gutheil, Inge" <i.gutheil@fz-juelich.de>, "Gropp, Bill" <wgropp@illinois.edu>, "Habib, Salman" <habib@anl.gov>, "Haensel, David" <d.haensel@fz-juelich.de>, "Hascoët, Laurent" <Laurent.Hascoet@inria.fr>, "Heinrich, Christian" <franz-christian.heinrich@inria.fr>, "Heitmann, Katrin" <heitmann@anl.gov>, "Hori, Atsushi" <ahori@riken.jp>, "Houzeaux, Guillaume" <guillaume.houzeaux@bsc.es>, "Hovland, Paul" <hovland@mcs.anl.gov>, "Imamura, Toshiyuki" <imamura.toshiyuki@riken.jp>, "Jacob, Robert" <jacob@mcs.anl.gov>, "Jeannot, Emmanuel" <emmanuel.jeannot@inria.fr>, "Jung, Jaewoon" <jung@riken.jp>, "Kabadshow, Ivo" <i.kabadshow@fz-juelich.de>, "Kalbarczyk, Zbigniew" <kalbarcz@illinois.edu>, "Kale, Sanjay" <kale@illinois.edu>, "Keahey, Kate" <keahey@mcs.anl.gov>, "Keller Tesser, Raphael" <ktesser@inf.ufrgs.br>, "Kettimuthu, Rajkumar" <kettimut@mcs.anl.gov>, "Klatt, Torbjörn" <t.klatt@fz-juelich.de>, "Kramer, Bill" <wtkramer@illinois.edu>, "Labarta, Jesus" <nuria.sirvent@bsc.es>, "Lachat, Cédric" <cedric.lachat@inria.fr>, "Lefevre, Laurent" <laurent.lefevre@inria.fr>, "Lintermann, Andreas" <A.Lintermann@fz-juelich.de>, "Lippert, Thomas" <th.lippert@fz-juelich.de>, "Llort, German" <gllort@bsc.es>, "Lührs, Sebastian" <s.luehrs@fz-juelich.de>, "Martsinkevich, Tatiana V." <tatiana.mar@inria.fr>, "Maruyama, Naoya" <nmaruyama@riken.jp>, "Maruyama, Yutaka" <yutaka.maruyama.ur@riken.jp>, "Mehaut, Jean-Francois" <Jean-Francois.Mehaut@imag.fr>, "Mehta, Vishal" <vishal.mehta@bsc.es>, "Meinke, Jan" <j.meinke@fz-juelich.de>, "Mendes, Celsco" <cmendes@illinois.edu>, "Mohr, Bernd" <b.mohr@fz-juelich.de>, "Murai, Hitoshi" <h-murai@riken.jp>, "Nakamura, Yoshifumi" <nakamura@riken.jp>, "Narayanan, Sri Hari Krishna" <snarayan@mcs.anl.gov>, "Oden, Lena" <loden@anl.gov>, "Olson, Luke" <lukeo@illinois.edu>, "Ozen, Guray" <guray.ozen@bsc.es>, "Padoin, Edson Luiz" <elpadoin@inf.ufrgs.br>, "Peña, Antonio J." <antonio.pena@bsc.es>, "Peterka, Tom" <tpeterka@anl.gov>, "Petit, Antoine" <Antoine.Petit@inria.fr>, "Pineda Morales, Luis" <luis.pineda-morales@inria.fr>, "Pleiter, Dirk" <d.pleiter@fz-juelich.de>, "Polo, Jorda" <jorda.polo@bsc.es>, "Poole, Scott" <mspoole@illinois.edu>, "Pouget, Kevin" <kevin.pouget@imag.fr>, "Raffin, Bruno" <bruno.raffin@inria.fr>, "Rahmani, Lokman" <lokman.rahmani@irisa.fr>, "Ramet, Pierre" <ramet@labri.fr>, "Riedel, Morris" <m.riedel@fz-juelich.de>, "Rob, Ross" <rross@mcs.anl.gov>, "Robert, Yves" <Yves.Robert@inria.fr>, "Robson, Michael" <mprobson@illinois.edu>, "Ropars, Thomas" <thomas.ropars@inria.fr>, "Sakai, Yasuhiro" <yasuhiro.sakai.gv@riken.jp>, "Sankaranarayanan, Subramanian" <skrssank@anl.gov>, "Sato, Mitsuhisa" <msato@riken.jp>, "Schanen, Michael" <mschanen@anl.gov>, "Schleife, Andre" <schleife@illinois.edu>, "Schmitz, Corby B." <schmitz@anl.gov>, "Seidel, Ed" <eseidel@ncsa.illinois.edu>, "Seo, Sangmin" <sseo@anl.gov>, "Servat, Harald" <harald.servat@bsc.es>, "Sisneros, Rob" <sisneros@illinois.edu>, "Snir, Marc" <snir@anl.gov>, "Speck, Robert" <r.speck@fz-juelich.de>, "Steinbusch, Benedikt" <b.steinbusch@fz-juelich.de>, "Stevens, Sean R." <seans@ncsa.illinois.edu>, "Subasi, Omer" <omer.subasi@bsc.es>, "Subramaniam, Balaji" <bsubramaniam@anl.gov>, "Sun, Hongyang" <hongyang.sun@ens-lyon.fr>, "Subramaniam, Balaji" <bsubramaniam@anl.gov>, "Sutmann, Godehard" <g.sutmann@fz-juelich.de>, "Tanaka, Mihoko" <mihoko.tanaka@riken.jp>, "Teruel, Xavier" <xavier.teruel@bsc.es>, "Tessier, Francois" <ftessier@anl.gov>, "Tsubokura, Makoto" <mtsubo@riken.jp>, "Turk, Matthew J." <mjturk@illinois.edu>, "Ukawa, Akira" <ukawa@ccs.tsukuba.ac.jp>, "Unsal, Osman" <osman.unsal@bsc.es>, "Uram, Thomas D." <turam@anl.gov>, "Vandenbergen, Nicholas" <n.vandenbergen@fz-juelich.de>, "Valero, Mateo" <mateo.valero@bsc.es>, "Vázquez, Mariano" <mariano.vazquez@bsc.es>, "Vishwanath, Venkatram" <venkat@anl.gov>, "Vivien, Frederic" <frederic.vivien@inria.fr>, "Yashiro, Hisashi" <h.yashiro@riken.jp>, "Yildiz, Orcun" <orcun.yildiz@inria.fr>, "Wheeler, David" <dwheeler@illinois.edu>, "Wilde, Michael J." <wilde@mcs.anl.gov>, "Wilson, James" <wilsja@illinois.edu>, "Wozniak, Justin" <wozniak@mcs.anl.gov>, "Wylie, Brian J.N." <b.wylie@fz-juelich.de>, "Yoshii, Kazutomo" <okazutomo@mcs.anl.gov>
